{
  "training_completed": true,
  "epochs": 10,
  "final_accuracy": 0.768750011920929,
  "final_val_accuracy": 0.824999988079071
}