{
  "training_completed": true,
  "epochs": 10,
  "final_accuracy": 0.7875000238418579,
  "final_val_accuracy": 0.7749999761581421
}